ts,te,td,pr,sa,da,sp,dp,sas,pas,ipkt,opkt,ibyt,obyt,flg,flgs_int,flg_cwr,flg_ece,flg_urg,flg_ack,flg_psh,flg_rst,flg_syn,flg_fin,dir,bps,pps,bpp,cl,sl,al
2021-11-23 10:49:21.837,2021-11-23 10:49:21.840,0.003,TCP  ,  192.168.255.14,    192.168.32.3,42624.000,8954.000,0.000,0.000,1.000,1.000,24.000,20.000,...A.RS.,22,0.000,0.000,0.000,1.000,0.000,1.000,1.000,0.000,  I,64000.000,333.000,24.000,0.000,2.670,0.000
2021-11-23 10:49:21.919,2021-11-23 10:49:21.922,0.003,TCP  ,  192.168.255.14,    192.168.32.3,42624.000,16012.000,0.000,0.000,1.000,1.000,24.000,20.000,...A.RS.,22,0.000,0.000,0.000,1.000,0.000,1.000,1.000,0.000,  I,64000.000,333.000,24.000,0.000,3.173,0.000
2021-11-23 10:49:22.077,2021-11-23 10:49:22.079,0.002,TCP  ,  192.168.255.14,    192.168.32.3,42624.000,5125.000,0.000,0.000,1.000,1.000,24.000,20.000,...A.RS.,22,0.000,0.000,0.000,1.000,0.000,1.000,1.000,0.000,  I,96000.000,500.000,24.000,0.000,2.685,0.000
2021-11-23 10:49:22.238,2021-11-23 10:49:22.246,0.008,TCP  ,  192.168.255.14,    192.168.32.3,42624.000,4001.000,0.000,0.000,1.000,1.000,24.000,20.000,...A.RS.,22,0.000,0.000,0.000,1.000,0.000,1.000,1.000,0.000,  I,24000.000,125.000,24.000,0.000,8.329,0.000
2021-11-23 10:49:22.439,2021-11-23 10:49:22.443,0.004,TCP  ,  192.168.255.14,    192.168.32.3,42624.000,524.000,0.000,0.000,1.000,1.000,24.000,20.000,...A.RS.,22,0.000,0.000,0.000,1.000,0.000,1.000,1.000,0.000,  I,48000.000,250.000,24.000,0.000,4.057,0.000
2021-11-23 10:49:22.744,2021-11-23 10:49:22.749,0.005,TCP  ,  192.168.255.14,    192.168.32.3,42624.000,1008.000,0.000,0.000,1.000,1.000,24.000,20.000,...A.RS.,22,0.000,0.000,0.000,1.000,0.000,1.000,1.000,0.000,  I,38400.000,200.000,24.000,0.000,4.449,0.000
2021-11-23 10:49:22.744,2021-11-23 10:49:22.749,0.005,TCP  ,    192.168.32.3,  192.168.255.14,49190.000,42624.000,0.000,0.000,1.000,1.000,20.000,24.000,...A.RS.,22,0.000,0.000,0.000,1.000,0.000,1.000,1.000,0.000,  I,32000.000,200.000,20.000,0.000,4.418,0.000
2021-11-23 10:49:22.951,2021-11-23 10:49:22.953,0.002,TCP  ,    192.168.32.3,  192.168.255.14,35879.000,42624.000,0.000,0.000,1.000,1.000,20.000,24.000,...A.RS.,22,0.000,0.000,0.000,1.000,0.000,1.000,1.000,0.000,  I,80000.000,500.000,20.000,0.000,2.192,0.000
2021-11-23 10:49:23.038,2021-11-23 10:49:23.050,0.012,TCP  ,  192.168.255.14,    192.168.32.3,42624.000,1324.000,0.000,0.000,1.000,1.000,24.000,20.000,...A.RS.,22,0.000,0.000,0.000,1.000,0.000,1.000,1.000,0.000,  I,16000.000,83.000,24.000,0.000,12.097,0.000
2021-11-23 10:49:23.361,2021-11-23 10:49:23.364,0.003,TCP  ,  192.168.255.14,    192.168.32.3,42624.000,5269.000,0.000,0.000,1.000,1.000,24.000,20.000,...A.RS.,22,0.000,0.000,0.000,1.000,0.000,1.000,1.000,0.000,  I,64000.000,333.000,24.000,0.000,3.393,0.000
2021-11-23 10:49:23.361,2021-11-23 10:49:23.364,0.003,TCP  ,    192.168.32.3,  192.168.255.14,42990.000,42624.000,0.000,0.000,1.000,1.000,20.000,24.000,...A.RS.,22,0.000,0.000,0.000,1.000,0.000,1.000,1.000,0.000,  I,53333.000,333.000,20.000,0.000,3.347,0.000
2021-11-23 10:49:23.563,2021-11-23 10:49:23.571,0.008,TCP  ,  192.168.255.14,    192.168.32.3,42624.000,3868.000,0.000,0.000,1.000,1.000,24.000,20.000,...A.RS.,22,0.000,0.000,0.000,1.000,0.000,1.000,1.000,0.000,  I,24000.000,125.000,24.000,0.000,8.084,0.000
2021-11-23 10:49:23.685,2021-11-23 10:49:23.687,0.002,TCP  ,    192.168.32.3,  192.168.255.14,49196.000,42624.000,0.000,0.000,1.000,1.000,20.000,24.000,...A.RS.,22,0.000,0.000,0.000,1.000,0.000,1.000,1.000,0.000,  I,80000.000,500.000,20.000,0.000,2.353,0.000
2021-11-23 10:49:23.870,2021-11-23 10:49:23.873,0.003,TCP  ,  192.168.255.14,    192.168.32.3,42624.000,19900.000,0.000,0.000,1.000,1.000,24.000,20.000,...A.RS.,22,0.000,0.000,0.000,1.000,0.000,1.000,1.000,0.000,  I,64000.000,333.000,24.000,0.000,2.224,0.000
2021-11-23 10:49:24.033,2021-11-23 10:49:24.050,0.017,TCP  ,  192.168.255.14,    192.168.32.3,42624.000,3940.000,0.000,0.000,1.000,1.000,24.000,20.000,...A.RS.,22,0.000,0.000,0.000,1.000,0.000,1.000,1.000,0.000,  I,11294.000,58.000,24.000,0.000,17.149,0.000
2021-11-23 10:49:24.178,2021-11-23 10:49:24.184,0.006,TCP  ,  192.168.255.14,    192.168.32.3,42624.000,133.000,0.000,0.000,1.000,1.000,24.000,20.000,...A.RS.,22,0.000,0.000,0.000,1.000,0.000,1.000,1.000,0.000,  I,32000.000,166.000,24.000,0.000,6.052,0.000
2021-11-23 10:49:24.322,2021-11-23 10:49:24.327,0.005,TCP  ,  192.168.255.14,    192.168.32.3,42624.000,4100.000,0.000,0.000,1.000,1.000,24.000,20.000,...A.RS.,22,0.000,0.000,0.000,1.000,0.000,1.000,1.000,0.000,  I,38400.000,200.000,24.000,0.000,5.423,0.000
2021-11-23 10:49:24.486,2021-11-23 10:49:24.488,0.002,TCP  ,  192.168.255.14,    192.168.32.3,42624.000,5988.000,0.000,0.000,1.000,1.000,24.000,20.000,...A.RS.,22,0.000,0.000,0.000,1.000,0.000,1.000,1.000,0.000,  I,96000.000,500.000,24.000,0.000,2.631,0.000
2021-11-23 10:49:24.690,2021-11-23 10:49:24.693,0.003,TCP  ,  192.168.255.14,    192.168.32.3,42624.000,3878.000,0.000,0.000,1.000,1.000,24.000,20.000,...A.RS.,22,0.000,0.000,0.000,1.000,0.000,1.000,1.000,0.000,  I,64000.000,333.000,24.000,0.000,3.151,0.000
2021-11-23 10:49:24.801,2021-11-23 10:49:24.805,0.004,TCP  ,    192.168.32.3,  192.168.255.14,49204.000,42624.000,0.000,0.000,1.000,1.000,20.000,24.000,...A.RS.,22,0.000,0.000,0.000,1.000,0.000,1.000,1.000,0.000,  I,40000.000,250.000,20.000,0.000,4.067,0.000
2021-11-23 10:49:25.207,2021-11-23 10:49:25.211,0.004,TCP  ,  192.168.255.14,    192.168.32.3,42624.000,2366.000,0.000,0.000,1.000,1.000,24.000,20.000,...A.RS.,22,0.000,0.000,0.000,1.000,0.000,1.000,1.000,0.000,  I,48000.000,250.000,24.000,0.000,3.864,0.000
2021-11-23 10:49:25.291,2021-11-23 10:49:25.299,0.008,TCP  ,  192.168.255.14,    192.168.32.3,42624.000,7772.000,0.000,0.000,1.000,1.000,24.000,20.000,...A.RS.,22,0.000,0.000,0.000,1.000,0.000,1.000,1.000,0.000,  I,24000.000,125.000,24.000,0.000,7.384,0.000
2021-11-23 10:49:25.512,2021-11-23 10:49:25.514,0.002,TCP  ,  192.168.255.14,    192.168.32.3,42624.000,591.000,0.000,0.000,1.000,1.000,24.000,20.000,...A.RS.,22,0.000,0.000,0.000,1.000,0.000,1.000,1.000,0.000,  I,96000.000,500.000,24.000,0.000,2.456,0.000
2021-11-23 10:49:25.601,2021-11-23 10:49:25.603,0.002,TCP  ,  192.168.255.14,    192.168.32.3,42624.000,9400.000,0.000,0.000,1.000,1.000,24.000,20.000,...A.RS.,22,0.000,0.000,0.000,1.000,0.000,0.000,1.000,1.000,  I,96000.000,500.000,24.000,0.000,2.120,0.000
2021-11-23 10:49:25.816,2021-11-23 10:49:25.822,0.006,TCP  ,  192.168.255.14,    192.168.32.3,42624.000,1143.000,0.000,0.000,1.000,1.000,24.000,20.000,...A.RS.,22,0.000,0.000,0.000,1.000,0.000,1.000,1.000,0.000,  I,32000.000,166.000,24.000,0.000,5.590,0.000
2021-11-23 10:49:25.924,2021-11-23 10:49:25.926,0.002,TCP  ,    192.168.32.3,  192.168.255.14,50202.000,42624.000,0.000,0.000,1.000,1.000,20.000,24.000,...A.RS.,22,0.000,0.000,0.000,1.000,0.000,1.000,1.000,0.000,  I,80000.000,500.000,20.000,0.000,2.567,0.000
2021-11-23 10:49:26.083,2021-11-23 10:49:26.086,0.003,TCP  ,  192.168.255.14,    192.168.32.3,42624.000,27316.000,0.000,0.000,1.000,1.000,24.000,20.000,...A.RS.,22,0.000,0.000,0.000,1.000,0.000,1.000,1.000,0.000,  I,64000.000,333.000,24.000,0.000,2.368,0.000
2021-11-23 10:49:26.331,2021-11-23 10:49:26.334,0.003,TCP  ,  192.168.255.14,    192.168.32.3,42624.000,3853.000,0.000,0.000,1.000,1.000,24.000,20.000,...A.RS.,22,0.000,0.000,0.000,1.000,0.000,1.000,1.000,0.000,  I,64000.000,333.000,24.000,0.000,2.748,0.000
2021-11-23 10:49:26.423,2021-11-23 10:49:26.431,0.008,TCP  ,  192.168.255.14,    192.168.32.3,42624.000,21078.000,0.000,0.000,1.000,1.000,24.000,20.000,...A.RS.,22,0.000,0.000,0.000,1.000,0.000,1.000,1.000,0.000,  I,24000.000,125.000,24.000,0.000,7.573,0.000
2021-11-23 10:49:26.642,2021-11-23 10:49:26.649,0.007,TCP  ,  192.168.255.14,    192.168.32.3,42624.000,418.000,0.000,0.000,1.000,1.000,24.000,20.000,...A.RS.,22,0.000,0.000,0.000,1.000,0.000,1.000,1.000,0.000,  I,27428.000,142.000,24.000,0.000,7.638,0.000
2021-11-23 10:49:26.722,2021-11-23 10:49:26.732,0.010,TCP  ,  192.168.255.14,    192.168.32.3,42624.000,22125.000,0.000,0.000,1.000,1.000,24.000,20.000,...A.RS.,22,0.000,0.000,0.000,1.000,0.000,0.000,1.000,1.000,  I,19200.000,100.000,24.000,0.000,9.558,0.000
2021-11-23 10:49:27.046,2021-11-23 10:49:27.073,0.027,TCP  ,    192.168.32.3,  192.168.255.14,60401.000,42624.000,0.000,0.000,1.000,1.000,20.000,24.000,...A.RS.,22,0.000,0.000,0.000,1.000,0.000,1.000,1.000,0.000,  I,5925.000,37.000,20.000,0.000,27.025,0.000
2021-11-23 10:49:27.046,2021-11-23 10:49:27.073,0.027,TCP  ,  192.168.255.14,    192.168.32.3,42624.000,815.000,0.000,0.000,1.000,1.000,24.000,20.000,...A.RS.,22,0.000,0.000,0.000,1.000,0.000,1.000,1.000,0.000,  I,7111.000,37.000,24.000,0.000,27.109,0.000
2021-11-23 10:49:27.202,2021-11-23 10:49:27.204,0.002,TCP  ,  192.168.255.14,    192.168.32.3,42625.000,815.000,0.000,0.000,1.000,1.000,24.000,20.000,...A.RS.,22,0.000,0.000,0.000,1.000,0.000,1.000,1.000,0.000,  I,96000.000,500.000,24.000,0.000,2.147,0.000
2021-11-23 10:49:27.455,2021-11-23 10:49:27.465,0.010,TCP  ,  192.168.255.14,    192.168.32.3,42624.000,733.000,0.000,0.000,1.000,1.000,24.000,20.000,...A.RS.,22,0.000,0.000,0.000,1.000,0.000,1.000,1.000,0.000,  I,19200.000,100.000,24.000,0.000,10.264,0.000
2021-11-23 10:49:27.534,2021-11-23 10:49:27.558,0.024,TCP  ,    192.168.32.3,  192.168.255.14,54658.000,42624.000,0.000,0.000,1.000,1.000,20.000,24.000,...A.RS.,22,0.000,0.000,0.000,1.000,0.000,1.000,1.000,0.000,  I,6666.000,41.000,20.000,0.000,24.581,0.000
2021-11-23 10:49:27.738,2021-11-23 10:49:27.740,0.002,TCP  ,  192.168.255.14,    192.168.32.3,42624.000,908.000,0.000,0.000,1.000,1.000,24.000,20.000,...A.RS.,22,0.000,0.000,0.000,1.000,0.000,1.000,1.000,0.000,  I,96000.000,500.000,24.000,0.000,2.200,0.000
2021-11-23 10:49:27.844,2021-11-23 10:49:27.848,0.004,TCP  ,  192.168.255.14,    192.168.32.3,42624.000,1730.000,0.000,0.000,1.000,1.000,24.000,20.000,...A.RS.,22,0.000,0.000,0.000,1.000,0.000,1.000,1.000,0.000,  I,48000.000,250.000,24.000,0.000,3.773,0.000
2021-11-23 10:49:28.171,2021-11-23 10:49:28.176,0.005,TCP  ,  192.168.255.14,    192.168.32.3,42624.000,620.000,0.000,0.000,1.000,1.000,24.000,20.000,...A.RS.,22,0.000,0.000,0.000,1.000,0.000,1.000,1.000,0.000,  I,38400.000,200.000,24.000,0.000,5.169,0.000
2021-11-23 10:49:28.171,2021-11-23 10:49:28.178,0.007,TCP  ,  192.168.255.14,    192.168.32.3,42624.000,8515.000,0.000,0.000,1.000,1.000,24.000,20.000,...A.RS.,22,0.000,0.000,0.000,1.000,0.000,0.000,1.000,1.000,  I,27428.000,142.000,24.000,0.000,6.586,0.000
2021-11-23 10:49:28.377,2021-11-23 10:49:28.379,0.002,TCP  ,  192.168.255.14,    192.168.32.3,42624.000,4454.000,0.000,0.000,1.000,1.000,24.000,20.000,...A.RS.,22,0.000,0.000,0.000,1.000,0.000,1.000,1.000,0.000,  I,96000.000,500.000,24.000,0.000,2.286,0.000
2021-11-23 10:49:28.582,2021-11-23 10:49:28.585,0.003,TCP  ,    192.168.32.3,  192.168.255.14,41511.000,42624.000,0.000,0.000,1.000,1.000,20.000,24.000,...A.RS.,22,0.000,0.000,0.000,1.000,0.000,1.000,1.000,0.000,  I,53333.000,333.000,20.000,0.000,3.234,0.000
2021-11-23 10:49:28.644,2021-11-23 10:49:28.648,0.004,TCP  ,  192.168.255.14,    192.168.32.3,42624.000,1525.000,0.000,0.000,1.000,1.000,24.000,20.000,...A.RS.,22,0.000,0.000,0.000,1.000,0.000,1.000,1.000,0.000,  I,48000.000,250.000,24.000,0.000,3.874,0.000
2021-11-23 10:49:28.888,2021-11-23 10:49:28.903,0.015,TCP  ,  192.168.255.14,    192.168.32.3,42624.000,26417.000,0.000,0.000,1.000,1.000,24.000,20.000,...A.RS.,22,0.000,0.000,0.000,1.000,0.000,1.000,1.000,0.000,  I,12800.000,66.000,24.000,0.000,14.163,0.000
2021-11-23 10:49:28.965,2021-11-23 10:49:28.968,0.003,TCP  ,  192.168.255.14,    192.168.32.3,42624.000,2850.000,0.000,0.000,1.000,1.000,24.000,20.000,...A.RS.,22,0.000,0.000,0.000,1.000,0.000,1.000,1.000,0.000,  I,64000.000,333.000,24.000,0.000,2.272,0.000
2021-11-23 10:49:29.196,2021-11-23 10:49:29.198,0.002,TCP  ,  192.168.255.14,    192.168.32.3,42624.000,9594.000,0.000,0.000,1.000,1.000,24.000,20.000,...A.RS.,22,0.000,0.000,0.000,1.000,0.000,1.000,1.000,0.000,  I,96000.000,500.000,24.000,0.000,2.207,0.000
2021-11-23 10:49:29.285,2021-11-23 10:49:29.290,0.005,TCP  ,  192.168.255.14,    192.168.32.3,42624.000,18183.000,0.000,0.000,1.000,1.000,24.000,20.000,...A.RS.,22,0.000,0.000,0.000,1.000,0.000,1.000,1.000,0.000,  I,38400.000,200.000,24.000,0.000,4.578,0.000
2021-11-23 10:49:29.446,2021-11-23 10:49:29.448,0.002,TCP  ,  192.168.255.14,    192.168.32.3,42624.000,168.000,0.000,0.000,1.000,1.000,24.000,20.000,...A.RS.,22,0.000,0.000,0.000,1.000,0.000,1.000,1.000,0.000,  I,96000.000,500.000,24.000,0.000,2.353,0.000
2021-11-23 10:49:29.708,2021-11-23 10:49:29.711,0.003,TCP  ,  192.168.255.14,    192.168.32.3,42624.000,714.000,0.000,0.000,1.000,1.000,24.000,20.000,...A.RS.,22,0.000,0.000,0.000,1.000,0.000,1.000,1.000,0.000,  I,64000.000,333.000,24.000,0.000,3.484,0.000
2021-11-23 10:49:29.766,2021-11-23 10:49:29.772,0.006,TCP  ,  192.168.255.14,    192.168.32.3,42624.000,9207.000,0.000,0.000,1.000,1.000,24.000,20.000,...A.RS.,22,0.000,0.000,0.000,1.000,0.000,1.000,1.000,0.000,  I,32000.000,166.000,24.000,0.000,5.509,0.000
2021-11-23 10:49:30.121,2021-11-23 10:49:30.124,0.003,TCP  ,  192.168.255.14,    192.168.32.3,42624.000,5053.000,0.000,0.000,1.000,1.000,24.000,20.000,...A.RS.,22,0.000,0.000,0.000,1.000,0.000,1.000,1.000,0.000,  I,64000.000,333.000,24.000,0.000,3.541,0.000
2021-11-23 10:49:30.121,2021-11-23 10:49:30.124,0.003,TCP  ,  192.168.255.14,    192.168.32.3,42624.000,10019.000,0.000,0.000,1.000,1.000,24.000,20.000,...A.RS.,22,0.000,0.000,0.000,1.000,0.000,1.000,1.000,0.000,  I,64000.000,333.000,24.000,0.000,3.465,0.000
2021-11-23 10:49:30.323,2021-11-23 10:49:30.339,0.016,TCP  ,  192.168.255.14,    192.168.32.3,42625.000,5053.000,0.000,0.000,1.000,1.000,24.000,20.000,...A.RS.,22,0.000,0.000,0.000,1.000,0.000,1.000,1.000,0.000,  I,12000.000,62.000,24.000,0.000,16.047,0.000
2021-11-23 10:49:30.408,2021-11-23 10:49:30.416,0.008,TCP  ,  192.168.255.14,    192.168.32.3,42624.000,1064.000,0.000,0.000,1.000,1.000,24.000,20.000,...A.RS.,22,0.000,0.000,0.000,1.000,0.000,1.000,1.000,0.000,  I,24000.000,125.000,24.000,0.000,7.563,0.000
2021-11-23 10:49:30.629,2021-11-23 10:49:30.632,0.003,TCP  ,  192.168.255.14,    192.168.32.3,42624.000,8095.000,0.000,0.000,1.000,1.000,24.000,20.000,...A.RS.,22,0.000,0.000,0.000,1.000,0.000,1.000,1.000,0.000,  I,64000.000,333.000,24.000,0.000,2.378,0.000
2021-11-23 10:49:30.727,2021-11-23 10:49:30.729,0.002,TCP  ,  192.168.255.14,    192.168.32.3,42624.000,252.000,0.000,0.000,1.000,1.000,24.000,20.000,...A.RS.,22,0.000,0.000,0.000,1.000,0.000,1.000,1.000,0.000,  I,96000.000,500.000,24.000,0.000,2.207,0.000
2021-11-23 10:49:30.897,2021-11-23 10:49:30.915,0.018,TCP  ,  192.168.255.14,    192.168.32.3,42624.000,690.000,0.000,0.000,1.000,1.000,24.000,20.000,...A.RS.,22,0.000,0.000,0.000,1.000,0.000,1.000,1.000,0.000,  I,10666.000,55.000,24.000,0.000,18.067,0.000
2021-11-23 10:49:31.346,2021-11-23 10:49:31.351,0.005,TCP  ,    192.168.32.3,  192.168.255.14,32789.000,42624.000,0.000,0.000,1.000,1.000,20.000,24.000,...A.RS.,22,0.000,0.000,0.000,1.000,0.000,1.000,1.000,0.000,  I,32000.000,200.000,20.000,0.000,5.074,0.000
2021-11-23 10:49:31.346,2021-11-23 10:49:31.348,0.002,TCP  ,  192.168.255.14,    192.168.32.3,42624.000,2607.000,0.000,0.000,1.000,1.000,24.000,20.000,...A.RS.,22,0.000,0.000,0.000,1.000,0.000,1.000,1.000,0.000,  I,96000.000,500.000,24.000,0.000,2.265,0.000
2021-11-23 10:49:31.370,2021-11-23 10:49:31.372,0.002,TCP  ,  192.168.255.14,    192.168.32.3,42624.000,29045.000,0.000,0.000,1.000,1.000,24.000,20.000,...A.RS.,22,0.000,0.000,0.000,1.000,1.000,0.000,1.000,1.000,  I,96000.000,500.000,24.000,0.000,2.815,0.000
2021-11-23 10:49:31.552,2021-11-23 10:49:31.560,0.008,TCP  ,  192.168.255.14,    192.168.32.3,42624.000,1121.000,0.000,0.000,1.000,1.000,24.000,20.000,...A.RS.,22,0.000,0.000,0.000,1.000,0.000,1.000,1.000,0.000,  I,24000.000,125.000,24.000,0.000,8.072,0.000
2021-11-23 10:49:31.747,2021-11-23 10:49:31.752,0.005,TCP  ,  192.168.255.14,    192.168.32.3,42624.000,125.000,0.000,0.000,1.000,1.000,24.000,20.000,...A.RS.,22,0.000,0.000,0.000,1.000,0.000,1.000,1.000,0.000,  I,38400.000,200.000,24.000,0.000,5.750,0.000
2021-11-23 10:49:31.850,2021-11-23 10:49:31.854,0.004,TCP  ,  192.168.255.14,    192.168.32.3,42624.000,2105.000,0.000,0.000,1.000,1.000,24.000,20.000,...A.RS.,22,0.000,0.000,0.000,1.000,0.000,1.000,1.000,0.000,  I,48000.000,250.000,24.000,0.000,4.607,0.000
2021-11-23 10:49:32.064,2021-11-23 10:49:32.066,0.002,TCP  ,  192.168.255.14,    192.168.32.3,42624.000,161.000,0.000,0.000,1.000,1.000,24.000,20.000,...A.RS.,22,0.000,0.000,0.000,1.000,0.000,1.000,1.000,0.000,  I,96000.000,500.000,24.000,0.000,2.584,0.000
2021-11-23 10:49:32.271,2021-11-23 10:49:32.274,0.003,TCP  ,  192.168.255.14,    192.168.32.3,42624.000,8110.000,0.000,0.000,1.000,1.000,24.000,20.000,...A.RS.,22,0.000,0.000,0.000,1.000,0.000,1.000,1.000,0.000,  I,64000.000,333.000,24.000,0.000,2.884,0.000
2021-11-23 10:49:32.331,2021-11-23 10:49:32.361,0.030,TCP  ,  192.168.255.14,    192.168.32.3,42624.000,16161.000,0.000,0.000,1.000,1.000,24.000,20.000,...A.RS.,22,0.000,0.000,0.000,1.000,1.000,0.000,1.000,1.000,  I,6400.000,33.000,24.000,0.000,29.563,0.000
2021-11-23 10:49:32.576,2021-11-23 10:49:32.594,0.018,TCP  ,    192.168.32.3,  192.168.255.14,38358.000,42624.000,0.000,0.000,1.000,1.000,20.000,24.000,...A.RS.,22,0.000,0.000,0.000,1.000,0.000,1.000,1.000,0.000,  I,8888.000,55.000,20.000,0.000,18.015,0.000
2021-11-23 10:49:32.651,2021-11-23 10:49:32.666,0.015,TCP  ,  192.168.255.14,    192.168.32.3,42624.000,1030.000,0.000,0.000,1.000,1.000,24.000,20.000,...A.RS.,22,0.000,0.000,0.000,1.000,0.000,1.000,1.000,0.000,  I,12800.000,66.000,24.000,0.000,14.894,0.000
2021-11-23 10:49:32.882,2021-11-23 10:49:32.887,0.005,TCP  ,  192.168.255.14,    192.168.32.3,42624.000,3530.000,0.000,0.000,1.000,1.000,24.000,20.000,...A.RS.,22,0.000,0.000,0.000,1.000,0.000,1.000,1.000,0.000,  I,38400.000,200.000,24.000,0.000,4.526,0.000
2021-11-23 10:49:32.973,2021-11-23 10:49:32.975,0.002,TCP  ,  192.168.255.14,    192.168.32.3,42624.000,633.000,0.000,0.000,1.000,1.000,24.000,20.000,...A.RS.,22,0.000,0.000,0.000,1.000,0.000,1.000,1.000,0.000,  I,96000.000,500.000,24.000,0.000,2.788,0.000
2021-11-23 10:49:33.189,2021-11-23 10:49:33.216,0.027,TCP  ,  192.168.255.14,    192.168.32.3,42624.000,8770.000,0.000,0.000,1.000,1.000,24.000,20.000,...A.RS.,22,0.000,0.000,0.000,1.000,0.000,1.000,1.000,0.000,  I,7111.000,37.000,24.000,0.000,26.910,0.000
2021-11-23 10:49:33.302,2021-11-23 10:49:33.306,0.004,TCP  ,  192.168.255.14,    192.168.32.3,42624.000,3813.000,0.000,0.000,1.000,1.000,24.000,20.000,...A.RS.,22,0.000,0.000,0.000,1.000,0.000,1.000,1.000,0.000,  I,48000.000,250.000,24.000,0.000,3.688,0.000
2021-11-23 10:49:33.452,2021-11-23 10:49:33.455,0.003,TCP  ,  192.168.255.14,    192.168.32.3,42624.000,2394.000,0.000,0.000,1.000,1.000,24.000,20.000,...A.RS.,22,0.000,0.000,0.000,1.000,0.000,1.000,1.000,0.000,  I,64000.000,333.000,24.000,0.000,3.000,0.000
2021-11-23 10:49:33.701,2021-11-23 10:49:33.703,0.002,TCP  ,  192.168.255.14,    192.168.32.3,42624.000,5817.000,0.000,0.000,1.000,1.000,24.000,20.000,...A.RS.,22,0.000,0.000,0.000,1.000,0.000,1.000,1.000,0.000,  I,96000.000,500.000,24.000,0.000,2.311,0.000
2021-11-23 10:49:33.773,2021-11-23 10:49:33.775,0.002,TCP  ,  192.168.255.14,    192.168.32.3,42624.000,2222.000,0.000,0.000,1.000,1.000,24.000,20.000,...A.RS.,22,0.000,0.000,0.000,1.000,0.000,1.000,1.000,0.000,  I,96000.000,500.000,24.000,0.000,2.094,0.000
2021-11-23 10:49:33.933,2021-11-23 10:49:33.938,0.005,TCP  ,  192.168.255.14,    192.168.32.3,42624.000,5812.000,0.000,0.000,1.000,1.000,24.000,20.000,...A.RS.,22,0.000,0.000,0.000,1.000,0.000,1.000,1.000,0.000,  I,38400.000,200.000,24.000,0.000,4.558,0.000
2021-11-23 10:49:34.111,2021-11-23 10:49:34.113,0.002,TCP  ,  192.168.255.14,    192.168.32.3,42624.000,1368.000,0.000,0.000,1.000,1.000,24.000,20.000,...A.RS.,22,0.000,0.000,0.000,1.000,0.000,1.000,1.000,0.000,  I,96000.000,500.000,24.000,0.000,2.348,0.000
2021-11-23 10:49:34.273,2021-11-23 10:49:34.276,0.003,TCP  ,  192.168.255.14,    192.168.32.3,42624.000,1031.000,0.000,0.000,1.000,1.000,24.000,20.000,...A.RS.,22,0.000,0.000,0.000,1.000,0.000,1.000,1.000,0.000,  I,64000.000,333.000,24.000,0.000,2.861,0.000
2021-11-23 10:49:34.419,2021-11-23 10:49:34.423,0.004,TCP  ,  192.168.255.14,    192.168.32.3,42624.000,6085.000,0.000,0.000,1.000,1.000,24.000,20.000,...A.RS.,22,0.000,0.000,0.000,1.000,0.000,1.000,1.000,0.000,  I,48000.000,250.000,24.000,0.000,4.194,0.000
2021-11-23 10:49:34.573,2021-11-23 10:49:34.575,0.002,TCP  ,    192.168.32.3,  192.168.255.14,43000.000,42624.000,0.000,0.000,1.000,1.000,20.000,24.000,...A.RS.,22,0.000,0.000,0.000,1.000,0.000,1.000,1.000,0.000,  I,80000.000,500.000,20.000,0.000,2.147,0.000
2021-11-23 10:49:34.827,2021-11-23 10:49:34.838,0.011,TCP  ,  192.168.255.14,    192.168.32.3,42625.000,6085.000,0.000,0.000,1.000,1.000,24.000,20.000,...A.RS.,22,0.000,0.000,0.000,1.000,0.000,1.000,1.000,0.000,  I,17454.000,90.000,24.000,0.000,10.820,0.000
2021-11-23 10:49:34.895,2021-11-23 10:49:34.899,0.004,TCP  ,    192.168.32.3,  192.168.255.14,43000.000,42625.000,0.000,0.000,1.000,1.000,20.000,24.000,...A.RS.,22,0.000,0.000,0.000,1.000,0.000,1.000,1.000,0.000,  I,40000.000,250.000,20.000,0.000,3.526,0.000
2021-11-23 10:49:35.153,2021-11-23 10:49:35.158,0.005,TCP  ,  192.168.255.14,    192.168.32.3,42624.000,362.000,0.000,0.000,1.000,1.000,24.000,20.000,...A.RS.,22,0.000,0.000,0.000,1.000,0.000,1.000,1.000,0.000,  I,38400.000,200.000,24.000,0.000,4.274,0.000
2021-11-23 10:49:35.215,2021-11-23 10:49:35.244,0.029,TCP  ,  192.168.255.14,    192.168.32.3,42624.000,6901.000,0.000,0.000,1.000,1.000,24.000,20.000,...A.RS.,22,0.000,0.000,0.000,1.000,0.000,1.000,1.000,0.000,  I,6620.000,34.000,24.000,0.000,29.125,0.000
2021-11-23 10:49:35.442,2021-11-23 10:49:35.444,0.002,TCP  ,  192.168.255.14,    192.168.32.3,42624.000,1222.000,0.000,0.000,1.000,1.000,24.000,20.000,...A.RS.,22,0.000,0.000,0.000,1.000,0.000,1.000,1.000,0.000,  I,96000.000,500.000,24.000,0.000,2.347,0.000
2021-11-23 10:49:35.555,2021-11-23 10:49:35.567,0.012,TCP  ,  192.168.255.14,    192.168.32.3,42624.000,2302.000,0.000,0.000,1.000,1.000,24.000,20.000,...A.RS.,22,0.000,0.000,0.000,1.000,0.000,1.000,1.000,0.000,  I,16000.000,83.000,24.000,0.000,11.810,0.000
2021-11-23 10:49:35.750,2021-11-23 10:49:35.757,0.007,TCP  ,  192.168.255.14,    192.168.32.3,42624.000,7938.000,0.000,0.000,1.000,1.000,24.000,20.000,...A.RS.,22,0.000,0.000,0.000,1.000,0.000,1.000,1.000,0.000,  I,27428.000,142.000,24.000,0.000,6.922,0.000
2021-11-23 10:49:35.855,2021-11-23 10:49:35.861,0.006,TCP  ,    192.168.32.3,  192.168.255.14,44410.000,42624.000,0.000,0.000,1.000,1.000,20.000,24.000,...A.RS.,22,0.000,0.000,0.000,1.000,0.000,1.000,1.000,0.000,  I,26666.000,166.000,20.000,0.000,6.379,0.000
2021-11-23 10:49:36.017,2021-11-23 10:49:36.021,0.004,TCP  ,  192.168.255.14,    192.168.32.3,42624.000,10083.000,0.000,0.000,1.000,1.000,24.000,20.000,...A.RS.,22,0.000,0.000,0.000,1.000,0.000,1.000,1.000,0.000,  I,48000.000,250.000,24.000,0.000,4.068,0.000
2021-11-23 10:49:36.175,2021-11-23 10:49:36.182,0.007,TCP  ,  192.168.255.14,    192.168.32.3,42624.000,32764.000,0.000,0.000,1.000,1.000,24.000,20.000,...A.RS.,22,0.000,0.000,0.000,1.000,0.000,1.000,1.000,0.000,  I,27428.000,142.000,24.000,0.000,6.757,0.000
2021-11-23 10:49:36.364,2021-11-23 10:49:36.367,0.003,TCP  ,    192.168.32.3,  192.168.255.14,47777.000,42624.000,0.000,0.000,1.000,1.000,20.000,24.000,...A.RS.,22,0.000,0.000,0.000,1.000,0.000,1.000,1.000,0.000,  I,53333.000,333.000,20.000,0.000,2.507,0.000
2021-11-23 10:49:36.569,2021-11-23 10:49:36.571,0.002,TCP  ,  192.168.255.14,    192.168.32.3,42624.000,657.000,0.000,0.000,1.000,1.000,24.000,20.000,...A.RS.,22,0.000,0.000,0.000,1.000,0.000,1.000,1.000,0.000,  I,96000.000,500.000,24.000,0.000,2.636,0.000
2021-11-23 10:49:36.657,2021-11-23 10:49:36.660,0.003,TCP  ,  192.168.255.14,    192.168.32.3,42624.000,8099.000,0.000,0.000,1.000,1.000,24.000,20.000,...A.RS.,22,0.000,0.000,0.000,1.000,0.000,1.000,1.000,0.000,  I,64000.000,333.000,24.000,0.000,2.591,0.000
2021-11-23 10:49:36.876,2021-11-23 10:49:36.878,0.002,TCP  ,  192.168.255.14,    192.168.32.3,42624.000,8097.000,0.000,0.000,1.000,1.000,24.000,20.000,...A.RS.,22,0.000,0.000,0.000,1.000,0.000,1.000,1.000,0.000,  I,96000.000,500.000,24.000,0.000,2.186,0.000
2021-11-23 10:49:36.987,2021-11-23 10:49:36.992,0.005,TCP  ,  192.168.255.14,    192.168.32.3,42624.000,1499.000,0.000,0.000,1.000,1.000,24.000,20.000,...A.RS.,22,0.000,0.000,0.000,1.000,0.000,1.000,1.000,0.000,  I,38400.000,200.000,24.000,0.000,4.496,0.000
2021-11-23 10:49:37.183,2021-11-23 10:49:37.185,0.002,TCP  ,  192.168.255.14,    192.168.32.3,42624.000,27374.000,0.000,0.000,1.000,1.000,24.000,20.000,...A.RS.,22,0.000,0.000,0.000,1.000,0.000,1.000,1.000,0.000,  I,96000.000,500.000,24.000,0.000,2.213,0.000
2021-11-23 10:49:37.389,2021-11-23 10:49:37.394,0.005,TCP  ,    192.168.32.3,  192.168.255.14,36530.000,42624.000,0.000,0.000,1.000,1.000,20.000,24.000,...A.RS.,22,0.000,0.000,0.000,1.000,0.000,1.000,1.000,0.000,  I,32000.000,200.000,20.000,0.000,5.668,0.000
2021-11-23 10:49:37.458,2021-11-23 10:49:37.468,0.010,TCP  ,  192.168.255.14,    192.168.32.3,42624.000,8686.000,0.000,0.000,1.000,1.000,24.000,20.000,...A.RS.,22,0.000,0.000,0.000,1.000,0.000,1.000,1.000,0.000,  I,19200.000,100.000,24.000,0.000,10.054,0.000
2021-11-23 10:49:37.695,2021-11-23 10:49:37.700,0.005,TCP  ,  192.168.255.14,    192.168.32.3,42624.000,9044.000,0.000,0.000,1.000,1.000,24.000,20.000,...A.RS.,22,0.000,0.000,0.000,1.000,0.000,1.000,1.000,0.000,  I,38400.000,200.000,24.000,0.000,4.276,0.000
2021-11-23 10:49:37.778,2021-11-23 10:49:37.781,0.003,TCP  ,  192.168.255.14,    192.168.32.3,42624.000,1839.000,0.000,0.000,1.000,1.000,24.000,20.000,...A.RS.,22,0.000,0.000,0.000,1.000,0.000,1.000,1.000,0.000,  I,64000.000,333.000,24.000,0.000,2.808,0.000
2021-11-23 10:49:38.007,2021-11-23 10:49:38.010,0.003,TCP  ,  192.168.255.14,    192.168.32.3,42624.000,1050.000,0.000,0.000,1.000,1.000,24.000,20.000,...A.RS.,22,0.000,0.000,0.000,1.000,0.000,1.000,1.000,0.000,  I,64000.000,333.000,24.000,0.000,2.939,0.000
2021-11-23 10:49:38.098,2021-11-23 10:49:38.106,0.008,TCP  ,  192.168.255.14,    192.168.32.3,42624.000,2250.000,0.000,0.000,1.000,1.000,24.000,20.000,...A.RS.,22,0.000,0.000,0.000,1.000,0.000,1.000,1.000,0.000,  I,24000.000,125.000,24.000,0.000,7.490,0.000
2021-11-23 10:49:38.310,2021-11-23 10:49:38.312,0.002,TCP  ,  192.168.255.14,    192.168.32.3,42624.000,3827.000,0.000,0.000,1.000,1.000,24.000,20.000,...A.RS.,22,0.000,0.000,0.000,1.000,0.000,1.000,1.000,0.000,  I,96000.000,500.000,24.000,0.000,2.447,0.000
2021-11-23 10:49:38.514,2021-11-23 10:49:38.548,0.034,TCP  ,  192.168.255.14,    192.168.32.3,42624.000,4000.000,0.000,0.000,1.000,1.000,24.000,20.000,...A.RS.,22,0.000,0.000,0.000,1.000,0.000,1.000,1.000,0.000,  I,5647.000,29.000,24.000,0.000,34.307,0.000
2021-11-23 10:49:38.603,2021-11-23 10:49:38.608,0.005,TCP  ,    192.168.32.3,  192.168.255.14,49765.000,42624.000,0.000,0.000,1.000,1.000,20.000,24.000,...A.RS.,22,0.000,0.000,0.000,1.000,0.000,1.000,1.000,0.000,  I,32000.000,200.000,20.000,0.000,5.074,0.000
2021-11-23 10:49:38.740,2021-11-23 10:49:38.745,0.005,TCP  ,  192.168.255.14,    192.168.32.3,42624.000,4446.000,0.000,0.000,1.000,1.000,24.000,20.000,...A.RS.,22,0.000,0.000,0.000,1.000,0.000,1.000,1.000,0.000,  I,38400.000,200.000,24.000,0.000,4.628,0.000
2021-11-23 10:49:38.925,2021-11-23 10:49:38.928,0.003,TCP  ,  192.168.255.14,    192.168.32.3,42624.000,1092.000,0.000,0.000,1.000,1.000,24.000,20.000,...A.RS.,22,0.000,0.000,0.000,1.000,0.000,1.000,1.000,0.000,  I,64000.000,333.000,24.000,0.000,3.089,0.000
2021-11-23 10:49:39.107,2021-11-23 10:49:39.109,0.002,TCP  ,  192.168.255.14,    192.168.32.3,42624.000,17251.000,0.000,0.000,1.000,1.000,24.000,20.000,...A.RS.,22,0.000,0.000,0.000,1.000,0.000,1.000,1.000,0.000,  I,96000.000,500.000,24.000,0.000,2.230,0.000
2021-11-23 10:49:39.232,2021-11-23 10:49:39.234,0.002,TCP  ,    192.168.32.3,  192.168.255.14,57294.000,42624.000,0.000,0.000,1.000,1.000,20.000,24.000,...A.RS.,22,0.000,0.000,0.000,1.000,0.000,1.000,1.000,0.000,  I,80000.000,500.000,20.000,0.000,2.553,0.000
2021-11-23 10:49:39.437,2021-11-23 10:49:39.439,0.002,TCP  ,  192.168.255.14,    192.168.32.3,42624.000,962.000,0.000,0.000,1.000,1.000,24.000,20.000,...A.RS.,22,0.000,0.000,0.000,1.000,0.000,1.000,1.000,0.000,  I,96000.000,500.000,24.000,0.000,2.380,0.000
2021-11-23 10:49:39.541,2021-11-23 10:49:39.544,0.003,TCP  ,  192.168.255.14,    192.168.32.3,42624.000,388.000,0.000,0.000,1.000,1.000,24.000,20.000,...A.RS.,22,0.000,0.000,0.000,1.000,0.000,1.000,1.000,0.000,  I,64000.000,333.000,24.000,0.000,2.468,0.000
2021-11-23 10:49:39.705,2021-11-23 10:49:39.711,0.006,TCP  ,  192.168.255.14,    192.168.32.3,42624.000,2432.000,0.000,0.000,1.000,1.000,24.000,20.000,...A.RS.,22,0.000,0.000,0.000,1.000,0.000,1.000,1.000,0.000,  I,32000.000,166.000,24.000,0.000,5.877,0.000
2021-11-23 10:49:39.951,2021-11-23 10:49:39.965,0.014,TCP  ,    192.168.32.3,  192.168.255.14,60020.000,42624.000,0.000,0.000,1.000,1.000,20.000,24.000,...A.RS.,22,0.000,0.000,0.000,1.000,0.000,1.000,1.000,0.000,  I,11428.000,71.000,20.000,0.000,14.112,0.000
2021-11-23 10:49:40.022,2021-11-23 10:49:40.028,0.006,TCP  ,  192.168.255.14,    192.168.32.3,42624.000,10215.000,0.000,0.000,1.000,1.000,24.000,20.000,...A.RS.,22,0.000,0.000,0.000,1.000,0.000,1.000,1.000,0.000,  I,32000.000,166.000,24.000,0.000,5.988,0.000
2021-11-23 10:49:40.256,2021-11-23 10:49:40.259,0.003,TCP  ,  192.168.255.14,    192.168.32.3,42624.000,6147.000,0.000,0.000,1.000,1.000,24.000,20.000,...A.RS.,22,0.000,0.000,0.000,1.000,0.000,1.000,1.000,0.000,  I,64000.000,333.000,24.000,0.000,2.572,0.000
2021-11-23 10:49:40.346,2021-11-23 10:49:40.348,0.002,TCP  ,    192.168.32.3,  192.168.255.14,58456.000,42624.000,0.000,0.000,1.000,1.000,20.000,24.000,...A.RS.,22,0.000,0.000,0.000,1.000,0.000,1.000,1.000,0.000,  I,80000.000,500.000,20.000,0.000,2.252,0.000
2021-11-23 10:49:40.563,2021-11-23 10:49:40.565,0.002,TCP  ,    192.168.32.3,  192.168.255.14,50356.000,42624.000,0.000,0.000,1.000,1.000,20.000,24.000,...A.RS.,22,0.000,0.000,0.000,1.000,0.000,1.000,1.000,0.000,  I,80000.000,500.000,20.000,0.000,2.067,0.000
2021-11-23 10:49:40.665,2021-11-23 10:49:40.671,0.006,TCP  ,  192.168.255.14,    192.168.32.3,42624.000,1545.000,0.000,0.000,1.000,1.000,24.000,20.000,...A.RS.,22,0.000,0.000,0.000,1.000,0.000,1.000,1.000,0.000,  I,32000.000,166.000,24.000,0.000,5.966,0.000
2021-11-23 10:49:40.870,2021-11-23 10:49:40.873,0.003,TCP  ,  192.168.255.14,    192.168.32.3,42624.000,9901.000,0.000,0.000,1.000,1.000,24.000,20.000,...A.RS.,22,0.000,0.000,0.000,1.000,0.000,1.000,1.000,0.000,  I,64000.000,333.000,24.000,0.000,2.950,0.000
2021-11-23 10:49:41.075,2021-11-23 10:49:41.078,0.003,TCP  ,  192.168.255.14,    192.168.32.3,42624.000,8999.000,0.000,0.000,1.000,1.000,24.000,20.000,...A.RS.,22,0.000,0.000,0.000,1.000,0.000,1.000,1.000,0.000,  I,64000.000,333.000,24.000,0.000,2.455,0.000
2021-11-23 10:49:41.144,2021-11-23 10:49:41.148,0.004,TCP  ,  192.168.255.14,    192.168.32.3,42624.000,137.000,0.000,0.000,1.000,1.000,24.000,20.000,...A.RS.,22,0.000,0.000,0.000,1.000,0.000,1.000,1.000,0.000,  I,48000.000,250.000,24.000,0.000,4.297,0.000
2021-11-23 10:49:41.501,2021-11-23 10:49:41.503,0.002,TCP  ,  192.168.255.14,    192.168.32.3,42624.000,8925.000,0.000,0.000,1.000,1.000,24.000,20.000,...A.RS.,22,0.000,0.000,0.000,1.000,0.000,1.000,1.000,0.000,  I,96000.000,500.000,24.000,0.000,2.461,0.000
2021-11-23 10:49:41.501,2021-11-23 10:49:41.504,0.003,TCP  ,    192.168.32.3,  192.168.255.14,48167.000,42624.000,0.000,0.000,1.000,1.000,20.000,24.000,...A.RS.,22,0.000,0.000,0.000,1.000,0.000,1.000,1.000,0.000,  I,53333.000,333.000,20.000,0.000,3.673,0.000
2021-11-23 10:49:41.761,2021-11-23 10:49:41.764,0.003,TCP  ,  192.168.255.14,    192.168.32.3,42624.000,1496.000,0.000,0.000,1.000,1.000,24.000,20.000,...A.RS.,22,0.000,0.000,0.000,1.000,0.000,1.000,1.000,0.000,  I,64000.000,333.000,24.000,0.000,3.802,0.000
2021-11-23 10:49:41.784,2021-11-23 10:49:41.791,0.007,TCP  ,  192.168.255.14,    192.168.32.3,42624.000,7068.000,0.000,0.000,1.000,1.000,24.000,20.000,...A.RS.,22,0.000,0.000,0.000,1.000,0.000,1.000,1.000,0.000,  I,27428.000,142.000,24.000,0.000,6.863,0.000
2021-11-23 10:49:41.996,2021-11-23 10:49:41.999,0.003,TCP  ,  192.168.255.14,    192.168.32.3,42625.000,1496.000,0.000,0.000,1.000,1.000,24.000,20.000,...A.RS.,22,0.000,0.000,0.000,1.000,0.000,1.000,1.000,0.000,  I,64000.000,333.000,24.000,0.000,3.203,0.000
2021-11-23 10:49:42.112,2021-11-23 10:49:42.117,0.005,TCP  ,  192.168.255.14,    192.168.32.3,42624.000,642.000,0.000,0.000,1.000,1.000,24.000,20.000,...A.RS.,22,0.000,0.000,0.000,1.000,0.000,1.000,1.000,0.000,  I,38400.000,200.000,24.000,0.000,5.150,0.000
2021-11-23 10:49:42.303,2021-11-23 10:49:42.308,0.005,TCP  ,  192.168.255.14,    192.168.32.3,42624.000,4118.000,0.000,0.000,1.000,1.000,24.000,20.000,...A.RS.,22,0.000,0.000,0.000,1.000,1.000,0.000,1.000,1.000,  I,38400.000,200.000,24.000,0.000,5.120,0.000
2021-11-23 10:49:42.508,2021-11-23 10:49:42.510,0.002,TCP  ,    192.168.32.3,  192.168.255.14,58305.000,42624.000,0.000,0.000,1.000,1.000,20.000,24.000,...A.RS.,22,0.000,0.000,0.000,1.000,0.000,1.000,1.000,0.000,  I,80000.000,500.000,20.000,0.000,2.373,0.000
2021-11-23 10:49:42.586,2021-11-23 10:49:42.590,0.004,TCP  ,  192.168.255.14,    192.168.32.3,42624.000,2800.000,0.000,0.000,1.000,1.000,24.000,20.000,...A.RS.,22,0.000,0.000,0.000,1.000,0.000,1.000,1.000,0.000,  I,48000.000,250.000,24.000,0.000,4.362,0.000
2021-11-23 10:49:42.815,2021-11-23 10:49:42.844,0.029,TCP  ,    192.168.32.3,  192.168.255.14,45100.000,42624.000,0.000,0.000,1.000,1.000,20.000,24.000,...A.RS.,22,0.000,0.000,0.000,1.000,0.000,1.000,1.000,0.000,  I,5517.000,34.000,20.000,0.000,29.193,0.000
2021-11-23 10:49:42.905,2021-11-23 10:49:42.908,0.003,TCP  ,    192.168.32.3,  192.168.255.14,53958.000,42624.000,0.000,0.000,1.000,1.000,20.000,24.000,...A.RS.,22,0.000,0.000,0.000,1.000,0.000,0.000,1.000,1.000,  I,53333.000,333.000,20.000,0.000,2.742,0.000
2021-11-23 10:49:43.123,2021-11-23 10:49:43.126,0.003,TCP  ,  192.168.255.14,    192.168.32.3,42624.000,3515.000,0.000,0.000,1.000,1.000,24.000,20.000,...A.RS.,22,0.000,0.000,0.000,1.000,1.000,0.000,0.000,0.000,  I,64000.000,333.000,24.000,0.000,2.170,0.000
2021-11-23 10:49:43.225,2021-11-23 10:49:43.228,0.003,TCP  ,  192.168.255.14,    192.168.32.3,42624.000,8479.000,0.000,0.000,1.000,1.000,24.000,20.000,...A.RS.,22,0.000,0.000,0.000,1.000,0.000,1.000,1.000,0.000,  I,64000.000,333.000,24.000,0.000,2.167,0.000
2021-11-23 10:49:43.430,2021-11-23 10:49:43.436,0.006,TCP  ,  192.168.255.14,    192.168.32.3,42624.000,1037.000,0.000,0.000,1.000,1.000,24.000,20.000,...A.RS.,22,0.000,0.000,0.000,1.000,0.000,1.000,1.000,0.000,  I,32000.000,166.000,24.000,0.000,6.243,0.000
2021-11-23 10:49:43.635,2021-11-23 10:49:43.645,0.010,TCP  ,  192.168.255.14,    192.168.32.3,42624.000,23451.000,0.000,0.000,1.000,1.000,24.000,20.000,...A.RS.,22,0.000,0.000,0.000,1.000,0.000,1.000,1.000,0.000,  I,19200.000,100.000,24.000,0.000,9.480,0.000
2021-11-23 10:49:43.706,2021-11-23 10:49:43.708,0.002,TCP  ,  192.168.255.14,    192.168.32.3,42624.000,763.000,0.000,0.000,1.000,1.000,24.000,20.000,...A.RS.,22,0.000,0.000,0.000,1.000,0.000,1.000,1.000,0.000,  I,96000.000,500.000,24.000,0.000,2.114,0.000
2021-11-23 10:49:44.047,2021-11-23 10:49:44.054,0.007,TCP  ,  192.168.255.14,    192.168.32.3,42624.000,4009.000,0.000,0.000,1.000,1.000,24.000,20.000,...A.RS.,22,0.000,0.000,0.000,1.000,0.000,1.000,1.000,0.000,  I,27428.000,142.000,24.000,0.000,6.544,0.000
2021-11-23 10:49:44.047,2021-11-23 10:49:44.051,0.004,TCP  ,  192.168.255.14,    192.168.32.3,42624.000,1034.000,0.000,0.000,1.000,1.000,24.000,20.000,...A.RS.,22,0.000,0.000,0.000,1.000,0.000,1.000,1.000,0.000,  I,48000.000,250.000,24.000,0.000,3.848,0.000
2021-11-23 10:49:44.242,2021-11-23 10:49:44.245,0.003,TCP  ,  192.168.255.14,    192.168.32.3,42625.000,1034.000,0.000,0.000,1.000,1.000,24.000,20.000,...A.RS.,22,0.000,0.000,0.000,1.000,0.000,1.000,1.000,0.000,  I,64000.000,333.000,24.000,0.000,3.074,0.000
2021-11-23 10:49:44.350,2021-11-23 10:49:44.355,0.005,TCP  ,  192.168.255.14,    192.168.32.3,42624.000,944.000,0.000,0.000,1.000,1.000,24.000,20.000,...A.RS.,22,0.000,0.000,0.000,1.000,0.000,1.000,1.000,0.000,  I,38400.000,200.000,24.000,0.000,5.085,0.000
2021-11-23 10:49:44.556,2021-11-23 10:49:44.559,0.003,TCP  ,  192.168.255.14,    192.168.32.3,42624.000,3260.000,0.000,0.000,1.000,1.000,24.000,20.000,...A.RS.,22,0.000,0.000,0.000,1.000,0.000,1.000,1.000,0.000,  I,64000.000,333.000,24.000,0.000,3.293,0.000
2021-11-23 10:49:44.649,2021-11-23 10:51:00.357,75.708,UDP  ,         0.0.0.0, 255.255.255.255,68.000,67.000,0.000,0.000,6.000,0.000,1816.000,0.000,........,0,0.000,0.000,0.000,1.000,0.000,1.000,1.000,0.000,  I,191.000,0.000,302.000,0.000,0.000,0.000
2021-11-23 10:49:44.864,2021-11-23 10:49:44.869,0.005,TCP  ,  192.168.255.14,    192.168.32.3,42624.000,26001.000,0.000,0.000,1.000,1.000,24.000,20.000,...A.RS.,22,0.000,0.000,0.000,1.000,0.000,1.000,1.000,0.000,  I,38400.000,200.000,24.000,0.000,4.903,0.000
2021-11-23 10:49:44.864,2021-11-23 10:49:44.871,0.007,TCP  ,  192.168.255.14,    192.168.32.3,42624.000,7501.000,0.000,0.000,1.000,1.000,24.000,20.000,...A.RS.,22,0.000,0.000,0.000,1.000,0.000,1.000,1.000,0.000,  I,27428.000,142.000,24.000,0.000,7.680,0.000
2021-11-23 10:49:45.068,2021-11-23 10:49:45.072,0.004,TCP  ,  192.168.255.14,    192.168.32.3,42625.000,26001.000,0.000,0.000,1.000,1.000,24.000,20.000,...A.RS.,22,0.000,0.000,0.000,1.000,0.000,1.000,1.000,0.000,  I,48000.000,250.000,24.000,0.000,4.056,0.000
2021-11-23 10:49:45.149,2021-11-23 10:49:45.152,0.003,TCP  ,  192.168.255.14,    192.168.32.3,42624.000,1373.000,0.000,0.000,1.000,1.000,24.000,20.000,...A.RS.,22,0.000,0.000,0.000,1.000,0.000,1.000,1.000,0.000,  I,64000.000,333.000,24.000,0.000,2.740,0.000
2021-11-23 10:49:45.308,2021-11-23 10:49:45.314,0.006,TCP  ,  192.168.255.14,    192.168.32.3,42624.000,343.000,0.000,0.000,1.000,1.000,24.000,20.000,...A.RS.,22,0.000,0.000,0.000,1.000,0.000,1.000,1.000,0.000,  I,32000.000,166.000,24.000,0.000,5.965,0.000
2021-11-23 10:49:45.478,2021-11-23 10:49:45.480,0.002,TCP  ,  192.168.255.14,    192.168.32.3,42624.000,6710.000,0.000,0.000,1.000,1.000,24.000,20.000,...A.RS.,22,0.000,0.000,0.000,1.000,0.000,1.000,1.000,0.000,  I,96000.000,500.000,24.000,0.000,2.256,0.000
2021-11-23 10:49:45.701,2021-11-23 10:49:45.703,0.002,TCP  ,  192.168.255.14,    192.168.32.3,42624.000,3299.000,0.000,0.000,1.000,1.000,24.000,20.000,...A.RS.,22,0.000,0.000,0.000,1.000,0.000,1.000,1.000,0.000,  I,96000.000,500.000,24.000,0.000,2.162,0.000
2021-11-23 10:49:45.792,2021-11-23 10:49:45.799,0.007,TCP  ,  192.168.255.14,    192.168.32.3,42624.000,8019.000,0.000,0.000,1.000,1.000,24.000,20.000,...A.RS.,22,0.000,0.000,0.000,1.000,0.000,1.000,1.000,0.000,  I,27428.000,142.000,24.000,0.000,6.433,0.000
2021-11-23 10:49:45.990,2021-11-23 10:49:45.999,0.009,TCP  ,  192.168.255.14,    192.168.32.3,42624.000,1912.000,0.000,0.000,1.000,1.000,24.000,20.000,...A.RS.,22,0.000,0.000,0.000,1.000,0.000,1.000,1.000,0.000,  I,21333.000,111.000,24.000,0.000,9.300,0.000
2021-11-23 10:49:46.195,2021-11-23 10:49:46.199,0.004,TCP  ,  192.168.255.14,    192.168.32.3,42624.000,2718.000,0.000,0.000,1.000,1.000,24.000,20.000,...A.RS.,22,0.000,0.000,0.000,1.000,0.000,1.000,1.000,0.000,  I,48000.000,250.000,24.000,0.000,4.475,0.000
2021-11-23 10:49:46.293,2021-11-23 10:49:46.295,0.002,TCP  ,  192.168.255.14,    192.168.32.3,42624.000,4545.000,0.000,0.000,1.000,1.000,24.000,20.000,...A.RS.,22,0.000,0.000,0.000,1.000,0.000,1.000,1.000,0.000,  I,96000.000,500.000,24.000,0.000,2.128,0.000
2021-11-23 10:49:46.499,2021-11-23 10:49:46.505,0.006,TCP  ,  192.168.255.14,    192.168.32.3,42624.000,811.000,0.000,0.000,1.000,1.000,24.000,20.000,...A.RS.,22,0.000,0.000,0.000,1.000,0.000,1.000,1.000,0.000,  I,32000.000,166.000,24.000,0.000,5.833,0.000
2021-11-23 10:49:46.591,2021-11-23 10:49:46.595,0.004,TCP  ,  192.168.255.14,    192.168.32.3,42624.000,5818.000,0.000,0.000,1.000,1.000,24.000,20.000,...A.RS.,22,0.000,0.000,0.000,1.000,0.000,1.000,1.000,0.000,  I,48000.000,250.000,24.000,0.000,3.237,0.000
2021-11-23 10:49:46.810,2021-11-23 10:49:46.818,0.008,TCP  ,  192.168.255.14,    192.168.32.3,42624.000,30599.000,0.000,0.000,1.000,1.000,24.000,20.000,...A.RS.,22,0.000,0.000,0.000,1.000,0.000,1.000,1.000,0.000,  I,24000.000,125.000,24.000,0.000,7.559,0.000
2021-11-23 10:49:46.912,2021-11-23 10:49:46.914,0.002,TCP  ,    192.168.32.3,  192.168.255.14,46813.000,42624.000,0.000,0.000,1.000,1.000,20.000,24.000,...A.RS.,22,0.000,0.000,0.000,1.000,0.000,1.000,1.000,0.000,  I,80000.000,500.000,20.000,0.000,2.230,0.000
2021-11-23 10:49:47.115,2021-11-23 10:49:47.118,0.003,TCP  ,  192.168.255.14,    192.168.32.3,42624.000,1538.000,0.000,0.000,1.000,1.000,24.000,20.000,...A.RS.,22,0.000,0.000,0.000,1.000,0.000,1.000,1.000,0.000,  I,64000.000,333.000,24.000,0.000,2.868,0.000
2021-11-23 10:49:47.323,2021-11-23 10:49:47.325,0.002,TCP  ,  192.168.255.14,    192.168.32.3,42624.000,654.000,0.000,0.000,1.000,1.000,24.000,20.000,...A.RS.,22,0.000,0.000,0.000,1.000,0.000,1.000,1.000,0.000,  I,96000.000,500.000,24.000,0.000,2.444,0.000
2021-11-23 10:49:47.393,2021-11-23 10:49:47.398,0.005,TCP  ,  192.168.255.14,    192.168.32.3,42624.000,300.000,0.000,0.000,1.000,1.000,24.000,20.000,...A.RS.,22,0.000,0.000,0.000,1.000,0.000,1.000,1.000,0.000,  I,38400.000,200.000,24.000,0.000,4.794,0.000
2021-11-23 10:49:47.628,2021-11-23 10:49:47.637,0.009,TCP  ,  192.168.255.14,    192.168.32.3,42624.000,6973.000,0.000,0.000,1.000,1.000,24.000,20.000,...A.RS.,22,0.000,0.000,0.000,1.000,0.000,1.000,1.000,0.000,  I,21333.000,111.000,24.000,0.000,9.651,0.000
2021-11-23 10:49:47.716,2021-11-23 10:49:47.719,0.003,TCP  ,  192.168.255.14,    192.168.32.3,42624.000,16851.000,0.000,0.000,1.000,1.000,24.000,20.000,...A.RS.,22,0.000,0.000,0.000,0.000,0.000,0.000,0.000,0.000,  I,64000.000,333.000,24.000,0.000,2.906,0.000
2021-11-23 10:49:48.037,2021-11-23 10:49:48.043,0.006,TCP  ,  192.168.255.14,    192.168.32.3,42624.000,12002.000,0.000,0.000,1.000,1.000,24.000,20.000,...A.RS.,22,0.000,0.000,0.000,1.000,0.000,1.000,1.000,0.000,  I,32000.000,166.000,24.000,0.000,6.533,0.000
2021-11-23 10:49:48.037,2021-11-23 10:49:48.046,0.009,TCP  ,  192.168.255.14,    192.168.32.3,42624.000,6896.000,0.000,0.000,1.000,1.000,24.000,20.000,...A.RS.,22,0.000,0.000,0.000,1.000,0.000,1.000,1.000,0.000,  I,21333.000,111.000,24.000,0.000,9.348,0.000
2021-11-23 10:49:48.242,2021-11-23 10:49:48.248,0.006,TCP  ,  192.168.255.14,    192.168.32.3,42624.000,404.000,0.000,0.000,1.000,1.000,24.000,20.000,...A.RS.,22,0.000,0.000,0.000,1.000,0.000,1.000,1.000,0.000,  I,32000.000,166.000,24.000,0.000,5.672,0.000
2021-11-23 10:49:48.549,2021-11-23 10:49:48.563,0.014,TCP  ,    192.168.32.3,  192.168.255.14,50002.000,42624.000,0.000,0.000,1.000,1.000,20.000,24.000,...A.RS.,22,0.000,0.000,0.000,1.000,0.000,1.000,1.000,0.000,  I,11428.000,71.000,20.000,0.000,13.646,0.000
2021-11-23 10:49:48.549,2021-11-23 10:49:48.552,0.003,TCP  ,  192.168.255.14,    192.168.32.3,42624.000,1109.000,0.000,0.000,1.000,1.000,24.000,20.000,...A.RS.,22,0.000,0.000,0.000,1.000,0.000,1.000,1.000,0.000,  I,64000.000,333.000,24.000,0.000,2.370,0.000
2021-11-23 10:49:48.754,2021-11-23 10:49:48.762,0.008,TCP  ,  192.168.255.14,    192.168.32.3,42625.000,1109.000,0.000,0.000,1.000,1.000,24.000,20.000,...A.RS.,22,0.000,0.000,0.000,1.000,0.000,1.000,1.000,0.000,  I,24000.000,125.000,24.000,0.000,8.128,0.000
2021-11-23 10:49:48.836,2021-11-23 10:49:48.852,0.016,TCP  ,    192.168.32.3,  192.168.255.14,49452.000,42624.000,0.000,0.000,1.000,1.000,20.000,24.000,...A.RS.,22,0.000,0.000,0.000,1.000,0.000,1.000,1.000,0.000,  I,10000.000,62.000,20.000,0.000,15.742,0.000
2021-11-23 10:49:49.163,2021-11-23 10:49:49.167,0.004,TCP  ,  192.168.255.14,    192.168.32.3,42624.000,3080.000,0.000,0.000,1.000,1.000,24.000,20.000,...A.RS.,22,0.000,0.000,0.000,1.000,0.000,1.000,1.000,0.000,  I,48000.000,250.000,24.000,0.000,3.517,0.000
2021-11-23 10:49:49.163,2021-11-23 10:49:49.170,0.007,TCP  ,  192.168.255.14,    192.168.32.3,42624.000,9643.000,0.000,0.000,1.000,1.000,24.000,20.000,...A.RS.,22,0.000,0.000,0.000,1.000,0.000,0.000,1.000,1.000,  I,27428.000,142.000,24.000,0.000,6.936,0.000
2021-11-23 10:49:49.316,2021-11-23 10:49:49.319,0.003,TCP  ,    192.168.32.3,  192.168.255.14,60146.000,42624.000,0.000,0.000,1.000,1.000,20.000,24.000,...A.RS.,22,0.000,0.000,0.000,1.000,0.000,1.000,1.000,0.000,  I,53333.000,333.000,20.000,0.000,3.299,0.000
2021-11-23 10:49:49.574,2021-11-23 10:49:49.605,0.031,TCP  ,  192.168.255.14,    192.168.32.3,42624.000,5977.000,0.000,0.000,1.000,1.000,24.000,20.000,...A.RS.,22,0.000,0.000,0.000,1.000,0.000,1.000,1.000,0.000,  I,6193.000,32.000,24.000,0.000,30.246,0.000
2021-11-23 10:49:49.645,2021-11-23 10:49:49.650,0.005,TCP  ,  192.168.255.14,    192.168.32.3,42624.000,1130.000,0.000,0.000,1.000,1.000,24.000,20.000,...A.RS.,22,0.000,0.000,0.000,1.000,0.000,1.000,1.000,0.000,  I,38400.000,200.000,24.000,0.000,5.069,0.000
2021-11-23 10:49:49.798,2021-11-23 10:49:49.801,0.003,TCP  ,  192.168.255.14,    192.168.32.3,42624.000,28924.000,0.000,0.000,1.000,1.000,24.000,20.000,...A.RS.,22,0.000,0.000,0.000,1.000,0.000,1.000,1.000,0.000,  I,64000.000,333.000,24.000,0.000,2.933,0.000
2021-11-23 10:49:49.983,2021-11-23 10:49:49.985,0.002,TCP  ,  192.168.255.14,    192.168.32.3,42625.000,5977.000,0.000,0.000,1.000,1.000,24.000,20.000,...A.RS.,22,0.000,0.000,0.000,1.000,0.000,1.000,1.000,0.000,  I,96000.000,500.000,24.000,0.000,2.238,0.000
2021-11-23 10:49:50.190,2021-11-23 10:49:50.195,0.005,TCP  ,  192.168.255.14,    192.168.32.3,42625.000,1130.000,0.000,0.000,1.000,1.000,24.000,20.000,...A.RS.,22,0.000,0.000,0.000,1.000,0.000,1.000,1.000,0.000,  I,38400.000,200.000,24.000,0.000,4.215,0.000
2021-11-23 10:49:50.279,2021-11-23 10:49:50.289,0.010,TCP  ,  192.168.255.14,    192.168.32.3,42625.000,28924.000,0.000,0.000,1.000,1.000,24.000,20.000,...A.RS.,22,0.000,0.000,0.000,1.000,0.000,1.000,1.000,0.000,  I,19200.000,100.000,24.000,0.000,10.344,0.000
2021-11-23 10:49:50.444,2021-11-23 10:49:50.468,0.024,TCP  ,  192.168.255.14,    192.168.32.3,42624.000,213.000,0.000,0.000,1.000,1.000,24.000,20.000,...A.RS.,22,0.000,0.000,0.000,1.000,0.000,1.000,1.000,0.000,  I,8000.000,41.000,24.000,0.000,24.608,0.000
2021-11-23 10:49:50.700,2021-11-23 10:49:50.703,0.003,TCP  ,  192.168.255.14,    192.168.32.3,42624.000,1632.000,0.000,0.000,1.000,1.000,24.000,20.000,...A.RS.,22,0.000,0.000,0.000,1.000,0.000,1.000,1.000,0.000,  I,64000.000,333.000,24.000,0.000,3.216,0.000
2021-11-23 10:49:50.759,2021-11-23 10:49:50.762,0.003,TCP  ,    192.168.32.3,  192.168.255.14,52673.000,42624.000,0.000,0.000,1.000,1.000,20.000,24.000,...A.RS.,22,0.000,0.000,0.000,1.000,0.000,1.000,1.000,0.000,  I,53333.000,333.000,20.000,0.000,3.315,0.000
2021-11-23 10:49:50.923,2021-11-23 10:49:50.926,0.003,TCP  ,  192.168.255.14,    192.168.32.3,42624.000,1580.000,0.000,0.000,1.000,1.000,24.000,20.000,...A.RS.,22,0.000,0.000,0.000,1.000,0.000,1.000,1.000,0.000,  I,64000.000,333.000,24.000,0.000,2.886,0.000
2021-11-23 10:49:51.112,2021-11-23 10:49:51.115,0.003,TCP  ,  192.168.255.14,    192.168.32.3,42624.000,6251.000,0.000,0.000,1.000,1.000,24.000,20.000,...A.RS.,22,0.000,0.000,0.000,1.000,0.000,1.000,1.000,0.000,  I,64000.000,333.000,24.000,0.000,2.814,0.000
2021-11-23 10:49:51.319,2021-11-23 10:49:51.321,0.002,TCP  ,  192.168.255.14,    192.168.32.3,42624.000,5925.000,0.000,0.000,1.000,1.000,24.000,20.000,...A.RS.,22,0.000,0.000,0.000,1.000,0.000,1.000,1.000,0.000,  I,96000.000,500.000,24.000,0.000,2.250,0.000
2021-11-23 10:49:51.402,2021-11-23 10:49:51.409,0.007,TCP  ,  192.168.255.14,    192.168.32.3,42624.000,2035.000,0.000,0.000,1.000,1.000,24.000,20.000,...A.RS.,22,0.000,0.000,0.000,1.000,0.000,1.000,1.000,0.000,  I,27428.000,142.000,24.000,0.000,6.724,0.000
2021-11-23 10:49:51.622,2021-11-23 10:49:51.642,0.020,TCP  ,    192.168.32.3,  192.168.255.14,50258.000,42624.000,0.000,0.000,1.000,1.000,20.000,24.000,...A.RS.,22,0.000,0.000,0.000,1.000,0.000,1.000,1.000,0.000,  I,8000.000,50.000,20.000,0.000,19.911,0.000
2021-11-23 10:49:51.721,2021-11-23 10:49:51.724,0.003,TCP  ,  192.168.255.14,    192.168.32.3,42624.000,5902.000,0.000,0.000,1.000,1.000,24.000,20.000,...A.RS.,22,0.000,0.000,0.000,1.000,0.000,1.000,1.000,0.000,  I,64000.000,333.000,24.000,0.000,2.641,0.000
2021-11-23 10:49:51.929,2021-11-23 10:49:51.931,0.002,TCP  ,  192.168.255.14,    192.168.32.3,42624.000,9909.000,0.000,0.000,1.000,1.000,24.000,20.000,...A.RS.,22,0.000,0.000,0.000,1.000,0.000,1.000,1.000,0.000,  I,96000.000,500.000,24.000,0.000,2.314,0.000
2021-11-23 10:49:52.134,2021-11-23 10:49:52.136,0.002,TCP  ,  192.168.255.14,    192.168.32.3,42624.000,229.000,0.000,0.000,1.000,1.000,24.000,20.000,...A.RS.,22,0.000,0.000,0.000,1.000,0.000,1.000,1.000,0.000,  I,96000.000,500.000,24.000,0.000,2.115,0.000
2021-11-23 10:49:52.201,2021-11-23 10:49:52.204,0.003,TCP  ,  192.168.255.14,    192.168.32.3,42624.000,1439.000,0.000,0.000,1.000,1.000,24.000,20.000,...A.RS.,22,0.000,0.000,0.000,1.000,0.000,1.000,1.000,0.000,  I,64000.000,333.000,24.000,0.000,2.723,0.000
2021-11-23 10:49:52.441,2021-11-23 10:49:52.448,0.007,TCP  ,    192.168.32.3,  192.168.255.14,32976.000,42624.000,0.000,0.000,1.000,1.000,20.000,24.000,...A.RS.,22,0.000,0.000,0.000,1.000,0.000,1.000,1.000,0.000,  I,22857.000,142.000,20.000,0.000,7.225,0.000
2021-11-23 10:49:52.523,2021-11-23 10:49:52.528,0.005,TCP  ,  192.168.255.14,    192.168.32.3,42624.000,6143.000,0.000,0.000,1.000,1.000,24.000,20.000,...A.RS.,22,0.000,0.000,0.000,1.000,0.000,1.000,1.000,0.000,  I,38400.000,200.000,24.000,0.000,4.949,0.000
2021-11-23 10:49:52.749,2021-11-23 10:49:52.751,0.002,TCP  ,  192.168.255.14,    192.168.32.3,42624.000,3859.000,0.000,0.000,1.000,1.000,24.000,20.000,...A.RS.,22,0.000,0.000,0.000,1.000,0.000,1.000,1.000,0.000,  I,96000.000,500.000,24.000,0.000,2.293,0.000
2021-11-23 10:49:52.843,2021-11-23 10:49:52.848,0.005,TCP  ,    192.168.32.3,  192.168.255.14,50692.000,42624.000,0.000,0.000,1.000,1.000,20.000,24.000,...A.RS.,22,0.000,0.000,0.000,1.000,0.000,1.000,1.000,0.000,  I,32000.000,200.000,20.000,0.000,4.501,0.000
2021-11-23 10:49:53.057,2021-11-23 10:49:53.064,0.007,TCP  ,  192.168.255.14,    192.168.32.3,42624.000,8292.000,0.000,0.000,1.000,1.000,24.000,20.000,...A.RS.,22,0.000,0.000,0.000,1.000,0.000,1.000,1.000,0.000,  I,27428.000,142.000,24.000,0.000,7.123,0.000
2021-11-23 10:49:53.165,2021-11-23 10:49:53.167,0.002,TCP  ,    192.168.32.3,  192.168.255.14,49241.000,42624.000,0.000,0.000,1.000,1.000,20.000,24.000,...A.RS.,22,0.000,0.000,0.000,1.000,0.000,1.000,1.000,0.000,  I,80000.000,500.000,20.000,0.000,2.141,0.000
2021-11-23 10:49:53.363,2021-11-23 10:49:53.381,0.018,TCP  ,  192.168.255.14,    192.168.32.3,42624.000,18336.000,0.000,0.000,1.000,1.000,24.000,20.000,...A.RS.,22,0.000,0.000,0.000,1.000,0.000,1.000,1.000,0.000,  I,10666.000,55.000,24.000,0.000,18.808,0.000
2021-11-23 10:49:53.483,2021-11-23 10:49:53.485,0.002,TCP  ,  192.168.255.14,    192.168.32.3,42624.000,1013.000,0.000,0.000,1.000,1.000,24.000,20.000,...A.RS.,22,0.000,0.000,0.000,1.000,0.000,1.000,1.000,0.000,  I,96000.000,500.000,24.000,0.000,2.495,0.000
2021-11-23 10:49:53.669,2021-11-23 10:49:53.674,0.005,TCP  ,  192.168.255.14,    192.168.32.3,42624.000,1173.000,0.000,0.000,1.000,1.000,24.000,20.000,...A.RS.,22,0.000,0.000,0.000,1.000,0.000,1.000,1.000,0.000,  I,38400.000,200.000,24.000,0.000,4.852,0.000
2021-11-23 10:49:53.876,2021-11-23 10:49:53.884,0.008,TCP  ,  192.168.255.14,    192.168.32.3,42624.000,3602.000,0.000,0.000,1.000,1.000,24.000,20.000,...A.RS.,22,0.000,0.000,0.000,1.000,0.000,1.000,1.000,0.000,  I,24000.000,125.000,24.000,0.000,8.003,0.000
2021-11-23 10:49:53.965,2021-11-23 10:49:53.969,0.004,TCP  ,  192.168.255.14,    192.168.32.3,42624.000,2262.000,0.000,0.000,1.000,1.000,24.000,20.000,...A.RS.,22,0.000,0.000,0.000,1.000,0.000,1.000,1.000,0.000,  I,48000.000,250.000,24.000,0.000,4.657,0.000
2021-11-23 10:49:54.285,2021-11-23 10:49:54.300,0.015,TCP  ,  192.168.255.14,    192.168.32.3,42624.000,7830.000,0.000,0.000,1.000,1.000,24.000,20.000,...A.RS.,22,0.000,0.000,0.000,1.000,0.000,1.000,1.000,0.000,  I,12800.000,66.000,24.000,0.000,15.495,0.000
2021-11-23 10:49:54.285,2021-11-23 10:49:54.300,0.015,TCP  ,  192.168.255.14,    192.168.32.3,42624.000,3975.000,0.000,0.000,1.000,1.000,24.000,20.000,...A.RS.,22,0.000,0.000,0.000,1.000,0.000,1.000,1.000,0.000,  I,12800.000,66.000,24.000,0.000,15.513,0.000
2021-11-23 10:49:54.490,2021-11-23 10:49:54.492,0.002,TCP  ,  192.168.255.14,    192.168.32.3,42624.000,12702.000,0.000,0.000,1.000,1.000,24.000,20.000,...A.RS.,22,0.000,0.000,0.000,1.000,0.000,1.000,1.000,0.000,  I,96000.000,500.000,24.000,0.000,2.296,0.000
2021-11-23 10:49:54.606,2021-11-23 10:49:54.608,0.002,TCP  ,  192.168.255.14,    192.168.32.3,42624.000,99.000,0.000,0.000,1.000,1.000,24.000,20.000,...A.RS.,22,0.000,0.000,0.000,1.000,0.000,0.000,1.000,1.000,  I,96000.000,500.000,24.000,0.000,2.490,0.000
2021-11-23 10:49:54.796,2021-11-23 10:49:54.824,0.028,TCP  ,  192.168.255.14,    192.168.32.3,42624.000,8453.000,0.000,0.000,1.000,1.000,24.000,20.000,...A.RS.,22,0.000,0.000,0.000,1.000,0.000,1.000,1.000,0.000,  I,6857.000,35.000,24.000,0.000,28.373,0.000
2021-11-23 10:49:54.926,2021-11-23 10:49:54.929,0.003,TCP  ,  192.168.255.14,    192.168.32.3,42625.000,99.000,0.000,0.000,1.000,1.000,24.000,20.000,...A.RS.,22,0.000,0.000,0.000,1.000,0.000,1.000,1.000,0.000,  I,64000.000,333.000,24.000,0.000,2.351,0.000
2021-11-23 10:49:55.090,2021-11-23 10:49:55.093,0.003,TCP  ,  192.168.255.14,    192.168.32.3,42625.000,8453.000,0.000,0.000,1.000,1.000,24.000,20.000,...A.RS.,22,0.000,0.000,0.000,1.000,0.000,1.000,1.000,0.000,  I,64000.000,333.000,24.000,0.000,3.483,0.000
2021-11-23 10:49:55.253,2021-11-23 10:49:55.259,0.006,TCP  ,  192.168.255.14,    192.168.32.3,42624.000,4401.000,0.000,0.000,1.000,1.000,24.000,20.000,...A.RS.,22,0.000,0.000,0.000,1.000,0.000,1.000,1.000,0.000,  I,32000.000,166.000,24.000,0.000,5.635,0.000
2021-11-23 10:49:55.514,2021-11-23 10:49:55.521,0.007,TCP  ,  192.168.255.14,    192.168.32.3,42624.000,20031.000,0.000,0.000,1.000,1.000,24.000,20.000,...A.RS.,22,0.000,0.000,0.000,1.000,0.000,1.000,1.000,0.000,  I,27428.000,142.000,24.000,0.000,6.548,0.000
2021-11-23 10:49:55.574,2021-11-23 10:49:55.579,0.005,TCP  ,    192.168.32.3,  192.168.255.14,38029.000,42624.000,0.000,0.000,1.000,1.000,20.000,24.000,...A.RS.,22,0.000,0.000,0.000,1.000,0.000,1.000,1.000,0.000,  I,32000.000,200.000,20.000,0.000,5.048,0.000
2021-11-23 10:49:55.822,2021-11-23 10:49:55.825,0.003,TCP  ,    192.168.32.3,  192.168.255.14,59499.000,42624.000,0.000,0.000,1.000,1.000,20.000,24.000,...A.RS.,22,0.000,0.000,0.000,1.000,0.000,1.000,1.000,0.000,  I,53333.000,333.000,20.000,0.000,2.163,0.000
2021-11-23 10:49:55.925,2021-11-23 10:49:55.940,0.015,TCP  ,  192.168.255.14,    192.168.32.3,42624.000,2148.000,0.000,0.000,1.000,1.000,24.000,20.000,...A.RS.,22,0.000,0.000,0.000,1.000,0.000,1.000,1.000,0.000,  I,12800.000,66.000,24.000,0.000,15.069,0.000
2021-11-23 10:49:56.049,2021-11-23 10:49:56.051,0.002,TCP  ,    192.168.32.3,  192.168.255.14,44443.000,42624.000,0.000,0.000,1.000,1.000,20.000,24.000,...A.RS.,22,0.000,0.000,0.000,1.000,0.000,1.000,1.000,0.000,  I,80000.000,500.000,20.000,0.000,2.307,0.000
2021-11-23 10:49:56.219,2021-11-23 10:49:56.229,0.010,TCP  ,  192.168.255.14,    192.168.32.3,42624.000,10555.000,0.000,0.000,1.000,1.000,24.000,20.000,...A.RS.,22,0.000,0.000,0.000,1.000,0.000,1.000,1.000,0.000,  I,19200.000,100.000,24.000,0.000,10.579,0.000
2021-11-23 10:49:56.434,2021-11-23 10:49:56.452,0.018,TCP  ,    192.168.32.3,  192.168.255.14,49401.000,42624.000,0.000,0.000,1.000,1.000,20.000,24.000,...A.RS.,22,0.000,0.000,0.000,1.000,0.000,1.000,1.000,0.000,  I,8888.000,55.000,20.000,0.000,18.550,0.000
2021-11-23 10:49:56.531,2021-11-23 10:49:56.533,0.002,TCP  ,    192.168.32.3,  192.168.255.14,38780.000,42624.000,0.000,0.000,1.000,1.000,20.000,24.000,...A.RS.,22,0.000,0.000,0.000,1.000,0.000,1.000,1.000,0.000,  I,80000.000,500.000,20.000,0.000,2.213,0.000
2021-11-23 10:49:56.741,2021-11-23 10:49:56.744,0.003,TCP  ,  192.168.255.14,    192.168.32.3,42624.000,2340.000,0.000,0.000,1.000,1.000,24.000,20.000,...A.RS.,22,0.000,0.000,0.000,1.000,0.000,1.000,1.000,0.000,  I,64000.000,333.000,24.000,0.000,2.217,0.000
2021-11-23 10:49:57.049,2021-11-23 10:49:57.064,0.015,TCP  ,  192.168.255.14,    192.168.32.3,42624.000,419.000,0.000,0.000,1.000,1.000,24.000,20.000,...A.RS.,22,0.000,0.000,0.000,1.000,0.000,1.000,1.000,0.000,  I,12800.000,66.000,24.000,0.000,14.405,0.000
2021-11-23 10:49:57.050,2021-11-23 10:49:57.064,0.014,TCP  ,  192.168.255.14,    192.168.32.3,42624.000,352.000,0.000,0.000,1.000,1.000,24.000,20.000,...A.RS.,22,0.000,0.000,0.000,1.000,0.000,1.000,1.000,0.000,  I,13714.000,71.000,24.000,0.000,14.196,0.000
2021-11-23 10:49:57.254,2021-11-23 10:49:57.257,0.003,TCP  ,  192.168.255.14,    192.168.32.3,42625.000,419.000,0.000,0.000,1.000,1.000,24.000,20.000,...A.RS.,22,0.000,0.000,0.000,1.000,0.000,1.000,1.000,0.000,  I,64000.000,333.000,24.000,0.000,3.235,0.000
2021-11-23 10:49:57.330,2021-11-23 10:49:57.334,0.004,TCP  ,  192.168.255.14,    192.168.32.3,42624.000,301.000,0.000,0.000,1.000,1.000,24.000,20.000,...A.RS.,22,0.000,0.000,0.000,1.000,0.000,1.000,1.000,0.000,  I,48000.000,250.000,24.000,0.000,3.547,0.000
2021-11-23 10:49:57.666,2021-11-23 10:49:57.668,0.002,TCP  ,  192.168.255.14,    192.168.32.3,42624.000,19852.000,0.000,0.000,1.000,1.000,24.000,20.000,...A.RS.,22,0.000,0.000,0.000,1.000,0.000,1.000,1.000,0.000,  I,96000.000,500.000,24.000,0.000,2.473,0.000
2021-11-23 10:49:57.666,2021-11-23 10:49:57.668,0.002,TCP  ,  192.168.255.14,    192.168.32.3,42624.000,1116.000,0.000,0.000,1.000,1.000,24.000,20.000,...A.RS.,22,0.000,0.000,0.000,1.000,0.000,1.000,1.000,0.000,  I,96000.000,500.000,24.000,0.000,2.454,0.000
2021-11-23 10:49:57.813,2021-11-23 10:49:57.817,0.004,TCP  ,  192.168.255.14,    192.168.32.3,42625.000,19852.000,0.000,0.000,1.000,1.000,24.000,20.000,...A.RS.,22,0.000,0.000,0.000,1.000,0.000,1.000,1.000,0.000,  I,48000.000,250.000,24.000,0.000,4.381,0.000
2021-11-23 10:49:57.971,2021-11-23 10:49:57.976,0.005,TCP  ,  192.168.255.14,    192.168.32.3,42624.000,8701.000,0.000,0.000,1.000,1.000,24.000,20.000,...A.RS.,22,0.000,0.000,0.000,1.000,0.000,1.000,1.000,0.000,  I,38400.000,200.000,24.000,0.000,4.826,0.000
2021-11-23 10:49:58.181,2021-11-23 10:49:58.186,0.005,TCP  ,  192.168.255.14,    192.168.32.3,42624.000,1558.000,0.000,0.000,1.000,1.000,24.000,20.000,...A.RS.,22,0.000,0.000,0.000,1.000,0.000,1.000,1.000,0.000,  I,38400.000,200.000,24.000,0.000,5.730,0.000
2021-11-23 10:49:58.306,2021-11-23 10:49:58.310,0.004,TCP  ,  192.168.255.14,    192.168.32.3,42624.000,1038.000,0.000,0.000,1.000,1.000,24.000,20.000,...A.RS.,22,0.000,0.000,0.000,1.000,0.000,1.000,1.000,0.000,  I,48000.000,250.000,24.000,0.000,3.786,0.000
2021-11-23 10:49:58.485,2021-11-23 10:49:58.488,0.003,TCP  ,  192.168.255.14,    192.168.32.3,42624.000,29152.000,0.000,0.000,1.000,1.000,24.000,20.000,...A.RS.,22,0.000,0.000,0.000,1.000,0.000,1.000,1.000,0.000,  I,64000.000,333.000,24.000,0.000,2.632,0.000
2021-11-23 10:49:58.789,2021-11-23 10:49:58.808,0.019,TCP  ,    192.168.32.3,  192.168.255.14,32904.000,42624.000,0.000,0.000,1.000,1.000,20.000,24.000,...A.RS.,22,0.000,0.000,0.000,1.000,0.000,1.000,1.000,0.000,  I,8421.000,52.000,20.000,0.000,18.380,0.000
2021-11-23 10:49:58.789,2021-11-23 10:49:58.793,0.004,TCP  ,  192.168.255.14,    192.168.32.3,42624.000,1184.000,0.000,0.000,1.000,1.000,24.000,20.000,...A.RS.,22,0.000,0.000,0.000,1.000,0.000,1.000,1.000,0.000,  I,48000.000,250.000,24.000,0.000,3.640,0.000
2021-11-23 10:49:58.995,2021-11-23 10:49:58.997,0.002,TCP  ,  192.168.255.14,    192.168.32.3,42624.000,7008.000,0.000,0.000,1.000,1.000,24.000,20.000,...A.RS.,22,0.000,0.000,0.000,1.000,0.000,1.000,1.000,0.000,  I,96000.000,500.000,24.000,0.000,2.139,0.000
2021-11-23 10:49:59.094,2021-11-23 10:49:59.096,0.002,TCP  ,  192.168.255.14,    192.168.32.3,42624.000,1424.000,0.000,0.000,1.000,1.000,24.000,20.000,...A.RS.,22,0.000,0.000,0.000,1.000,0.000,1.000,1.000,0.000,  I,96000.000,500.000,24.000,0.000,2.157,0.000
2021-11-23 10:49:59.302,2021-11-23 10:49:59.305,0.003,TCP  ,  192.168.255.14,    192.168.32.3,42624.000,1900.000,0.000,0.000,1.000,1.000,24.000,20.000,...A.RS.,22,0.000,0.000,0.000,1.000,0.000,1.000,1.000,0.000,  I,64000.000,333.000,24.000,0.000,2.977,0.000
2021-11-23 10:49:59.525,2021-11-23 10:49:59.530,0.005,TCP  ,  192.168.255.14,    192.168.32.3,42624.000,4558.000,0.000,0.000,1.000,1.000,24.000,20.000,...A.RS.,22,0.000,0.000,0.000,1.000,0.000,1.000,1.000,0.000,  I,38400.000,200.000,24.000,0.000,5.739,0.000
2021-11-23 10:49:59.574,2021-11-23 10:49:59.577,0.003,TCP  ,  192.168.255.14,    192.168.32.3,42624.000,1033.000,0.000,0.000,1.000,1.000,24.000,20.000,...A.RS.,22,0.000,0.000,0.000,1.000,0.000,1.000,1.000,0.000,  I,64000.000,333.000,24.000,0.000,2.878,0.000
2021-11-23 10:49:59.814,2021-11-23 10:49:59.816,0.002,TCP  ,  192.168.255.14,    192.168.32.3,42624.000,25001.000,0.000,0.000,1.000,1.000,24.000,20.000,...A.RS.,22,0.000,0.000,0.000,1.000,0.000,1.000,1.000,0.000,  I,96000.000,500.000,24.000,0.000,2.187,0.000
2021-11-23 10:49:59.895,2021-11-23 10:49:59.902,0.007,TCP  ,  192.168.255.14,    192.168.32.3,42624.000,4449.000,0.000,0.000,1.000,1.000,24.000,20.000,...A.RS.,22,0.000,0.000,0.000,1.000,0.000,1.000,1.000,0.000,  I,27428.000,142.000,24.000,0.000,7.388,0.000
2021-11-23 10:50:00.120,2021-11-23 10:50:00.123,0.003,TCP  ,  192.168.255.14,    192.168.32.3,42624.000,1079.000,0.000,0.000,1.000,1.000,24.000,20.000,...A.RS.,22,0.000,0.000,0.000,1.000,0.000,1.000,1.000,0.000,  I,64000.000,333.000,24.000,0.000,2.459,0.000
2021-11-23 10:50:00.215,2021-11-23 10:50:00.219,0.004,TCP  ,  192.168.255.14,    192.168.32.3,42624.000,3362.000,0.000,0.000,1.000,1.000,24.000,20.000,...A.RS.,22,0.000,0.000,0.000,1.000,0.000,1.000,1.000,0.000,  I,48000.000,250.000,24.000,0.000,3.462,0.000
2021-11-23 10:50:00.429,2021-11-23 10:50:00.434,0.005,TCP  ,  192.168.255.14,    192.168.32.3,42624.000,21891.000,0.000,0.000,1.000,1.000,24.000,20.000,...A.RS.,22,0.000,0.000,0.000,1.000,0.000,1.000,1.000,0.000,  I,38400.000,200.000,24.000,0.000,5.455,0.000
2021-11-23 10:50:00.537,2021-11-23 10:50:00.540,0.003,TCP  ,  192.168.255.14,    192.168.32.3,42624.000,18439.000,0.000,0.000,1.000,1.000,24.000,20.000,...A.RS.,22,0.000,0.000,0.000,1.000,0.000,1.000,1.000,0.000,  I,64000.000,333.000,24.000,0.000,3.410,0.000
2021-11-23 10:50:00.735,2021-11-23 10:50:00.737,0.002,TCP  ,  192.168.255.14,    192.168.32.3,42624.000,1664.000,0.000,0.000,1.000,1.000,24.000,20.000,...A.RS.,22,0.000,0.000,0.000,1.000,0.000,1.000,1.000,0.000,  I,96000.000,500.000,24.000,0.000,2.499,0.000
2021-11-23 10:50:00.859,2021-11-23 10:50:00.880,0.021,TCP  ,  192.168.255.14,    192.168.32.3,42624.000,32022.000,0.000,0.000,1.000,1.000,24.000,20.000,...A.RS.,22,0.000,0.000,0.000,1.000,0.000,1.000,1.000,0.000,  I,9142.000,47.000,24.000,0.000,20.678,0.000
2021-11-23 10:50:01.046,2021-11-23 10:50:01.048,0.002,TCP  ,  192.168.255.14,    192.168.32.3,42624.000,3049.000,0.000,0.000,1.000,1.000,24.000,20.000,...A.RS.,22,0.000,0.000,0.000,1.000,0.000,1.000,1.000,0.000,  I,96000.000,500.000,24.000,0.000,2.116,0.000
2021-11-23 10:50:01.177,2021-11-23 10:50:01.180,0.003,TCP  ,    192.168.32.3,  192.168.255.14,39136.000,42624.000,0.000,0.000,1.000,1.000,20.000,24.000,...A.RS.,22,0.000,0.000,0.000,1.000,0.000,1.000,1.000,0.000,  I,53333.000,333.000,20.000,0.000,2.765,0.000
2021-11-23 10:50:01.338,2021-11-23 10:50:01.349,0.011,TCP  ,    192.168.32.3,  192.168.255.14,39136.000,42625.000,0.000,0.000,1.000,1.000,20.000,24.000,...A.RS.,22,0.000,0.000,0.000,1.000,0.000,1.000,1.000,0.000,  I,14545.000,90.000,20.000,0.000,10.945,0.000
2021-11-23 10:50:01.555,2021-11-23 10:50:01.558,0.003,TCP  ,    192.168.32.3,  192.168.255.14,39136.000,42626.000,0.000,0.000,1.000,1.000,20.000,24.000,...A.RS.,22,0.000,0.000,0.000,1.000,0.000,1.000,1.000,0.000,  I,53333.000,333.000,20.000,0.000,2.490,0.000
2021-11-23 10:50:01.687,2021-11-23 10:50:01.691,0.004,TCP  ,    192.168.32.3,  192.168.255.14,39136.000,42627.000,0.000,0.000,1.000,1.000,20.000,24.000,...A.RS.,22,0.000,0.000,0.000,1.000,0.000,1.000,1.000,0.000,  I,40000.000,250.000,20.000,0.000,4.174,0.000
2021-11-23 10:50:02.066,2021-11-23 10:50:02.455,0.389,TCP  ,  192.168.255.14,    192.168.32.3,52222.000,8899.000,0.000,0.000,4.000,2.000,136.000,72.000,...A..SF,19,0.000,0.000,0.000,1.000,0.000,1.000,1.000,0.000,  I,2796.000,10.000,34.000,15.057,14.968,309.134
2021-11-23 10:50:02.066,2021-11-23 10:50:02.455,0.389,TCP  ,  192.168.255.14,    192.168.32.3,56984.000,80.000,0.000,0.000,4.000,2.000,136.000,72.000,...A..SF,19,0.000,0.000,0.000,0.000,0.000,0.000,0.000,0.000,  I,2796.000,10.000,34.000,12.937,14.690,311.535
2021-11-23 10:50:02.066,2021-11-23 10:50:02.455,0.389,TCP  ,  192.168.255.14,    192.168.32.3,56978.000,80.000,0.000,0.000,4.000,2.000,136.000,72.000,...A..SF,19,0.000,0.000,0.000,1.000,0.000,1.000,1.000,0.000,  I,2796.000,10.000,34.000,13.814,13.807,311.449
2021-11-23 10:50:02.066,2021-11-23 10:50:02.455,0.389,TCP  ,  192.168.255.14,    192.168.32.3,56980.000,80.000,0.000,0.000,4.000,2.000,136.000,72.000,...A..SF,19,0.000,0.000,0.000,1.000,0.000,1.000,1.000,0.000,  I,2796.000,10.000,34.000,12.920,14.701,311.445
2021-11-23 10:50:02.066,2021-11-23 10:50:02.455,0.389,TCP  ,  192.168.255.14,    192.168.32.3,56982.000,80.000,0.000,0.000,4.000,2.000,136.000,72.000,...A..SF,19,0.000,0.000,0.000,1.000,0.000,1.000,1.000,0.000,  I,2796.000,10.000,34.000,12.924,14.695,311.441
2021-11-23 10:50:02.066,2021-11-23 10:50:02.455,0.389,TCP  ,  192.168.255.14,    192.168.32.3,56976.000,80.000,0.000,0.000,4.000,2.000,136.000,72.000,...A..SF,19,0.000,0.000,0.000,1.000,0.000,1.000,1.000,0.000,  I,2796.000,10.000,34.000,13.796,13.836,311.467
2021-11-23 10:50:02.086,2021-11-23 10:50:02.785,0.699,TCP  ,    192.168.32.3,  192.168.255.14,8899.000,682.000,0.000,0.000,5.000,6.000,192.000,244.000,...AP.SF,27,0.000,0.000,0.000,1.000,0.000,1.000,1.000,0.000,  I,2197.000,7.000,38.000,13.545,7.443,11.715
2021-11-23 10:50:02.086,2021-11-23 10:50:02.455,0.369,TCP  ,    192.168.32.3,  192.168.255.14,80.000,193.000,0.000,0.000,3.000,5.000,104.000,212.000,...AP.SF,27,0.000,0.000,0.000,1.000,0.000,1.000,1.000,0.000,  I,2254.000,8.000,34.000,13.723,7.259,11.746
2021-11-23 10:50:02.086,2021-11-23 10:50:02.401,0.315,TCP  ,    192.168.32.3,  192.168.255.14,554.000,985.000,0.000,0.000,4.000,6.000,235.000,244.000,...AP.SF,27,0.000,0.000,0.000,1.000,0.000,1.000,1.000,0.000,  I,5968.000,12.000,58.000,13.749,7.238,11.720
2021-11-23 10:50:24.874,2021-11-23 10:50:24.903,0.029,TCP  ,    192.168.32.3,    8.209.76.130,53943.000,443.000,0.000,0.000,2.000,1.000,67.000,43.000,...AP...,24,0.000,0.000,0.000,1.000,0.000,1.000,1.000,0.000,  I,18482.000,68.000,33.000,5.603,22.935,0.000
2021-11-23 10:50:31.109,2021-11-23 10:50:31.109,0.000,UDP  ,    192.168.32.3, 255.255.255.255,21025.000,32106.000,0.000,0.000,1.000,0.000,84.000,0.000,........,0,0.000,0.000,0.000,1.000,0.000,1.000,1.000,0.000,  I,0.000,0.000,84.000,0.000,0.000,0.000
